{"cameraMode":{"drawMode":0,"name":"Shaded","section":"Shading Mode"},"sceneLighting":true,"audioPlay":false,"sceneViewState":{"showFog":true,"showMaterialUpdate":false,"showSkybox":true,"showFlares":true,"showImageEffects":true,"showParticleSystems":true},"in2DMode":false,"pivot":{"x":-4.946676254272461,"y":1.5465904474258423,"z":-6.123221397399902},"rotation":{"x":-0.06468379497528076,"y":-0.049964092671871188,"z":0.0032430270221084358,"w":-0.9966712594032288},"size":10.967055320739746,"orthographic":false}